"gene","baseMean","log2FoldChange","pvalue","padj","avg_cpm"
"Ifi203",93.3582036899325,2.6715843700856,2.4674453833637e-08,3.98629509712314e-06,566.059222314436
"Rtp4",110.193432522615,2.39064701200073,1.90701094010942e-09,9.24264635639698e-07,666.40895708554
"Stat1",66.6138871871823,2.10672709700013,1.7292943591442e-07,2.28581272563242e-05,405.285036593723
"Oasl2",197.215912889078,2.04468071601136,1.62086278187476e-09,9.24264635639698e-07,1187.0399772584
